<?xml version="1.0" encoding="UTF-8" ?>
<xml>
    <cameras>
        <camera tipo='explorador'>
            <zoom raio='50' avanco='3'/>
        </camera>
    </cameras>
    <luzes>
        
        <luz tipo='ponto' x='50'>
            <ambiente r='0.2' g='0.2' b='0.2'/>
            <difusa r='1' g='1' b='1'/>
        </luz>
        <luz tipo='ponto' x='50'>
            <ambiente r='0.2' g='0.2' b='0.2'/>
            <difusa r='1' g='1' b='1'/>
        </luz>
        <luz tipo='ponto' x='50'>
            <ambiente r='0.2' g='0.2' b='0.2'/>
            <difusa r='1' g='1' b='1'/>
        </luz>



    
        
    </luzes>
    <cena>
        <grupo> <!--TERRA-->
            <escala x='10.939' y='10.939' z='10.939'/>
            <grupo>
                <rotacao nome='esfera' tempo='10' x='0' y='1' z='0'/>
                <modelo ficheiro='planeta.vbo' textura='terra.jpg'>
                    <picking>
                        <titulo>Planeta Terra</titulo>
                        <descricao>Provavelmente o unico planeta com vida no Sistema Solar</descricao>
                    </picking>
                </modelo>
            </grupo>
            <escala x='0.1' y='0.1' z='0.1'/>
            <escala x='0.25' y='0.25' z='0.25'/>
            <grupo>
                <translacao tempo='99'> <!--SATELITE-->
                    <ponto x='-22.70' y='25' z='44.55'/>
                    <ponto x='-29.39' y='25' z='40.45'/>
                    <ponto x='-35.36' y='25' z='35.36'/>
                    <ponto x='-40.45' y='25' z='29.39'/>
                    <ponto x='-44.55' y='25' z='22.70'/>
                    <ponto x='-47.55' y='25' z='15.45'/>
                    <ponto x='-49.38' y='25' z='7.82'/>
                    <ponto x='-50.00' y='25' z='0.00'/>
                    <ponto x='-49.38' y='25' z='-7.82'/>
                    <ponto x='-47.55' y='25' z='-15.45'/>
                    <ponto x='-44.55' y='25' z='-22.70'/>
                    <ponto x='-40.45' y='25' z='-29.39'/>
                    <ponto x='-35.36' y='25' z='-35.36'/>
                    <ponto x='-29.39' y='25' z='-40.45'/>
                    <ponto x='-22.70' y='25' z='-44.55'/>
                    <ponto x='-15.45' y='25' z='-47.55'/>
                    <ponto x='-7.82' y='25' z='-49.38'/>
                    <ponto x='-0.00' y='25' z='-50.00'/>
                    <ponto x='7.82' y='25' z='-49.38'/>
                    <ponto x='15.45' y='25' z='-47.55'/>
                    <ponto x='22.70' y='25' z='-44.55'/>
                    <ponto x='29.39' y='25' z='-40.45'/>
                    <ponto x='35.36' y='25' z='-35.36'/>
                    <ponto x='40.45' y='25' z='-29.39'/>
                    <ponto x='44.55' y='25' z='-22.70'/>
                    <ponto x='47.55' y='25' z='-15.45'/>
                    <ponto x='49.38' y='25' z='-7.82'/>
                    <ponto x='50.00' y='25' z='0.00'/>
                    <ponto x='49.38' y='25' z='7.82'/>
                    <ponto x='47.55' y='25' z='15.45'/>
                    <ponto x='44.55' y='25' z='22.70'/>
                    <ponto x='40.45' y='25' z='29.39'/>
                    <ponto x='35.36' y='25' z='35.36'/>
                    <ponto x='29.39' y='25' z='40.45'/>
                    <ponto x='22.70' y='25' z='44.55'/>
                    <ponto x='15.45' y='25' z='47.55'/>
                    <ponto x='7.82' y='25' z='49.38'/>
                    <ponto x='0.00' y='25' z='50.00'/>
                    <ponto x='-7.82' y='25' z='49.38'/>
                    <ponto x='-15.45' y='25' z='47.55'/>
                </translacao>
                <grupo> <!--SATELITE-->
                    <escala x='0.3' y='0.3' z='0.3'/>
                    <rotacao angulo='265' x='1'/>
                    <grupo>
                        <escala x='0.25' z='0.25'/>
                        <modelo ficheiro='cilindro.vbo' textura='carbono.jpg'/>
                    </grupo>
                    <grupo>
                        <translacao y='-4'/>
                        <escala x='0.25' z='0.25'/>
                        <modelo ficheiro='cilindro.vbo' textura='carbono.jpg'/>
                    </grupo>
                    <grupo>
                        <translacao y='-8'/>
                        <escala x='0.25' z='0.25'/>
                        <modelo ficheiro='cilindro.vbo' textura='carbono.jpg'/>
                    </grupo>
                    <grupo>
                        <translacao y='4'/>
                        <modelo ficheiro='cone.vbo' textura='plutao.jpg'/>
                    </grupo>
                    <grupo>
                        <translacao y='-7'/>
                        <rotacao angulo='180' x='1'/>
                        <escala x='2' y='2' z='2'/>
                        <modelo ficheiro='cone.vbo' textura='laranja.jpg'/>
                    </grupo>
                    <grupo>
                        <translacao y='-14'/>
                        <escala x='5' y='8' z='5'/>
                        <modelo ficheiro='cubo.vbo' textura='metal.jpg'/>
                    </grupo>
                    <grupo>
                        <translacao x='-3' y='-17' z='0'/>
                        <escala x='2' y='4' z='2'/>
                        <modelo ficheiro='cubo.vbo' textura='carbono.jpg'/>
                    </grupo>
                    <grupo>
                        <translacao x='3' y='-17' z='0'/>
                        <escala x='2' y='4' z='2'/>
                        <modelo ficheiro='cubo.vbo' textura='carbono.jpg'/>
                    </grupo>
                    <grupo>
                        <translacao x='0' y='-17' z='0'/>
                        <rotacao angulo='130' y='1' z='0'/>
                        <escala x='18' y='8' z='8'/>
                        <modelo ficheiro='plano.vbo' textura='painelfoto.jpg'/>
                    </grupo>
                    <grupo>
                        <translacao x='0' y='-17' z='0'/>
                        <rotacao angulo='310' y='1' z='0'/>
                        <escala x='18' y='8' z='8'/>
                        <modelo ficheiro='plano.vbo' textura='painelfoto.jpg'/>
                    </grupo>
                    <grupo>
                        <translacao x='0' y='-17' z='0'/>
                        <rotacao angulo='50' y='1' z='0'/>
                        <escala x='18' y='8' z='8'/>
                        <modelo ficheiro='plano.vbo' textura='painelfoto.jpg'/>
                    </grupo>
                    <grupo>
                        <translacao x='0' y='-17' z='0'/>
                        <rotacao angulo='230' y='1' z='0'/>
                        <escala x='18' y='8' z='8'/>
                        <modelo ficheiro='plano.vbo' textura='painelfoto.jpg'/>
                    </grupo>
                </grupo>
            </grupo>
            <grupo>
                <translacao tempo='30'> <!--LUA-->
                    <ponto x='65.00' y='0' z='0.00'/>
                    <ponto x='64.20' y='0' z='10.17'/>
                    <ponto x='61.82' y='0' z='20.09'/>
                    <ponto x='57.92' y='0' z='29.51'/>
                    <ponto x='52.59' y='0' z='38.21'/>
                    <ponto x='45.96' y='0' z='45.96'/>
                    <ponto x='38.21' y='0' z='52.59'/>
                    <ponto x='29.51' y='0' z='57.92'/>
                    <ponto x='20.09' y='0' z='61.82'/>
                    <ponto x='10.17' y='0' z='64.20'/>
                    <ponto x='0.00' y='0' z='65.00'/>
                    <ponto x='-10.17' y='0' z='64.20'/>
                    <ponto x='-20.09' y='0' z='61.82'/>
                    <ponto x='-29.51' y='0' z='57.92'/>
                    <ponto x='-38.21' y='0' z='52.59'/>
                    <ponto x='-45.96' y='0' z='45.96'/>
                    <ponto x='-52.59' y='0' z='38.21'/>
                    <ponto x='-57.92' y='0' z='29.51'/>
                    <ponto x='-61.82' y='0' z='20.09'/>
                    <ponto x='-64.20' y='0' z='10.17'/>
                    <ponto x='-65.00' y='0' z='0.00'/>
                    <ponto x='-64.20' y='0' z='-10.17'/>
                    <ponto x='-61.82' y='0' z='-20.09'/>
                    <ponto x='-57.92' y='0' z='-29.51'/>
                    <ponto x='-52.59' y='0' z='-38.21'/>
                    <ponto x='-45.96' y='0' z='-45.96'/>
                    <ponto x='-38.21' y='0' z='-52.59'/>
                    <ponto x='-29.51' y='0' z='-57.92'/>
                    <ponto x='-20.09' y='0' z='-61.82'/>
                    <ponto x='-10.17' y='0' z='-64.20'/>
                    <ponto x='-0.00' y='0' z='-65.00'/>
                    <ponto x='10.17' y='0' z='-64.20'/>
                    <ponto x='20.09' y='0' z='-61.82'/>
                    <ponto x='29.51' y='0' z='-57.92'/>
                    <ponto x='38.21' y='0' z='-52.59'/>
                    <ponto x='45.96' y='0' z='-45.96'/>
                    <ponto x='52.59' y='0' z='-38.21'/>
                    <ponto x='57.92' y='0' z='-29.51'/>
                    <ponto x='61.82' y='0' z='-20.09'/>
                    <ponto x='64.20' y='0' z='-10.17'/>
                </translacao>
                <escala x='8.539' y='8.539' z='8.539'/>
                <rotacao nome='esfera' tempo='10' x='0' y='1' z='0'/>
                <modelo ficheiro='planeta.vbo' textura='lua.jpg'/>
            </grupo>
        </grupo>
    </cena>
</xml>

